ID,Weight
8,82.45
5,78.21000000000001
24,63.370000000000005
28,47.980000000000004
21,46.63
3,44.31
22,43.725
29,35.980000000000004
9,35.625
25,35.41
20,29.71
30,28.29
32,26.009999999999998
10,24.15
42,24.15
19,24.15
12,24.15
39,22.39
41,21.95
27,20.35
33,20.21
34,20.03
43,16.63
38,15.14
1,13.05
6,11.950000000000001
23,11.49
17,6.95
44,6.109999999999999
15,5.91
2,5.66
35,1.82
37,0.53
45,0.53
16,0.0
36,0.0
31,0.0
14,0.0
13,0.0
40,0.0
11,0.0
7,0.0
4,0.0
18,0.0
26,0.0
