ID,Weight
8,70.68
5,69.06
24,57.36
28,47.04
3,44.04
21,43.2
22,37.32
29,32.28
9,31.080000000000002
25,30.240000000000002
20,27.12
32,24.78
30,24.18
42,24.12
10,24.12
19,24.12
12,24.12
27,20.759999999999998
39,20.58
41,19.56
33,16.68
34,14.52
1,13.8
38,13.14
43,12.24
6,11.52
23,9.780000000000001
17,7.2
44,6.359999999999999
15,6.3
2,5.88
35,1.98
37,0.66
45,0.66
16,0.0
36,0.0
31,0.0
14,0.0
13,0.0
40,0.0
11,0.0
7,0.0
4,0.0
18,0.0
26,0.0
